{
    "Region": [
        "Eastern",
        "East Midlands",
        "London",
        "North East",
        "North West",
        "Scotland",
        "South East",
        "South West",
        "Wales",
        "West Midlands",
        "Yorkshire and The Humber",
        "Northern Ireland"
    ],
    "Manure potential (GWh/year)": [
    1349.385283,
    1102.391311,
    0.0,
    776.4065937,
    2211.207989,
    4407.047268,
    963.9521704,
    3732.691093,
    3442.643729,
    1806.541771,
    2004.715789,
    0.0
],
    "Food Waste potential (GWh/year)": [
        153.40467999999998,
        37.68076,
        553.9617199999999,
        98.14168,
        330.08196,
        203.19728,
        387.95536,
        52.58915999999999,
        63.40828,
        243.05268,
        52.54964,
        0.0
    ],

"Crop potential (GWh/year)": [
  376.1486954193302,
  276.4811530801296,
  0.0,
  57.02943427641899,
  43.28010031023029,
  234.63544938288024,
  136.45448745273026,
  204.56705838352994,
  18.099883888959585,
  194.17546665689937,
  113.91064903122759,
  191.2623829821724
   ],

"Crop Waste potential (GWh/year)": [
  69.49005651359052,
  57.13684020023203,
  0.0,
  2.571800759200241,
  4.629241366560434,
  7.492512878470037,
  20.128627275340556,
  3.600521062880338,
  1.9237069678817804,
  14.487810943494692,
  43.20625275456405,
  13.373363947841256
]
}
