{
    "Region": [
        "Eastern",
        "East Midlands",
        "London",
        "North East",
        "North West",
        "Scotland",
        "South East",
        "South West",
        "Wales",
        "West Midlands",
        "Yorkshire and The Humber",
        "Northern Ireland"
    ],
    "Manure potential (GWh/year)": [
        819.9786486150799,
        1043.74745830016,
        0.0,
        611.6676749270799,
        1740.75919139212,
        3483.680294076,
        749.82288829636,
        2923.44052224348,
        2726.987127376,
        1390.47869657544,
        1550.83435885908,
        0.0
    ],
    "Food Waste potential (GWh/year)": [
        153.40467999999998,
        37.68076,
        553.9617199999999,
        98.14168,
        330.08196,
        203.19728,
        387.95536,
        52.58915999999999,
        63.40828,
        243.05268,
        52.54964,
        0.0
    ]
}
