{
    "Region": [
        "Eastern",
        "East Midlands",
        "London",
        "North East",
        "North West",
        "Scotland",
        "South East",
        "South West",
        "Wales",
        "West Midlands",
        "Yorkshire and The Humber",
        "Northern Ireland"
    ],
    "Manure potential (GWh/year)": [
    1349.385283,
    1102.391311,
    776.4065937,
    2211.207989,
    4407.047268,
    963.9521704,
    3732.691093,
    3442.643729,
    1806.541771,
    2004.715789,
    0.0
],
    "Food Waste potential (GWh/year)": [
        153.40467999999998,
        37.68076,
        553.9617199999999,
        98.14168,
        330.08196,
        203.19728,
        387.95536,
        52.58915999999999,
        63.40828,
        243.05268,
        52.54964,
        0.0
    ]
}
